Region,Yield_per_mm
East,0.009878893242726765
North,0.009865027185573857
South,0.009861876416806784
West,0.00985939037530073
