Weather_Condition,East,North,South,West
Cloudy,4.645840588708821,4.644574435009241,4.650179362939985,4.648249971085872
Rainy,4.649560620434269,4.655288776450772,4.645106788640527,4.647133199472146
Sunny,4.641402506338394,4.662442436084643,4.651227389891694,4.652624191304811
