Crop,Chalky,Clay,Loam,Peaty,Sandy,Silt
Barley,0.0014936640771980095,0.002579687692271725,-0.0025236641821565543,0.0015583714339357801,0.006782036450702713,-0.009860865324178661
Cotton,0.007522665855338768,-0.0033755448894352952,-0.01002302795394836,-0.0019346402945972375,0.0007353972517043778,0.007107844105564151
Maize,0.0071406762446017905,-0.006611497610459021,0.01503744277348454,-0.003606737795724366,-0.005056641619293949,-0.007025172650394843
Rice,-0.0058025119516085305,-0.002628133431646718,0.0005779654040109918,0.004184623750524721,0.002060540442870316,0.0016350989648892483
Soybean,0.0025242707741719183,-0.0015294814297702585,-0.008365811500790004,0.004663980576166358,0.0014694542426842102,0.001269761586868846
Wheat,-0.0008317853679455894,-0.004686980574861847,0.010923337971653504,0.0008512790264906778,-0.009352630857180105,0.0031898604960594575
